{
  "seed_scores": [
    {
      "model_version": "open_clip:ViT-L-14:openai:fp32",
      "pair_id": "chair_to_car",
      "ref_version": "approved-seed-open-clip-vit-l-14-openai-fp32-chair-car-tau30-2026-06-30",
      "scores_sorted": [
        0.018079930045364255,
        0.14152471539553146,
        0.14674844299709355
      ],
      "stats": {
        "max": 0.14674844299709355,
        "mean": 0.10211769614599642,
        "min": 0.018079930045364255,
        "p10": 0.0427688871153977,
        "p50": 0.14152471539553146,
        "p90": 0.14570369747678114,
        "std": 0.05946192860927767
      },
      "tau": 30.0,
      "template_set_id": "drawing_v1"
    }
  ]
}