{
  "seed_scores": [
    {
      "model_version": "heuristic-color-shape-v1",
      "pair_id": "apple_to_baseball",
      "ref_version": "approved-seed-heuristic-color-shape-v1-apple-baseball-tau30-2026-06-30",
      "scores_sorted": [
        5.888197594688605e-08,
        0.9584548411837885,
        0.9999293616717598
      ],
      "stats": {
        "max": 0.9999293616717598,
        "mean": 0.6527947539125081,
        "min": 5.888197594688605e-08,
        "p10": 0.19169101534233848,
        "p50": 0.9584548411837885,
        "p90": 0.9916344575741656,
        "std": 0.4619059928581651
      },
      "tau": 30.0,
      "template_set_id": "drawing_v1"
    }
  ]
}