{
  "seed_scores": [
    {
      "model_version": "siglip:google/siglip-base-patch16-224:fp32",
      "pair_id": "chair_to_car",
      "ref_version": "approved-seed-siglip-google-siglip-base-patch16-224-fp32-chair-car-tau30-2026-06-30",
      "scores_sorted": [
        0.1801055101994209,
        0.19501920125914804,
        0.19766921058238754
      ],
      "stats": {
        "max": 0.19766921058238754,
        "mean": 0.1909313073469855,
        "min": 0.1801055101994209,
        "p10": 0.18308824841136634,
        "p50": 0.19501920125914804,
        "p90": 0.19713920871773963,
        "std": 0.007731065052262739
      },
      "tau": 30.0,
      "template_set_id": "drawing_v1"
    }
  ]
}